Timestamp_ms,Task_Name,Priority_or_Deadline,Exec_Time_ms
6096,GasTask,HIGH,15
7038,TempTask,LOW,8
7111,GasTask,HIGH,15
8126,GasTask,HIGH,15
9141,GasTask,HIGH,15
10156,GasTask,HIGH,15
11171,GasTask,HIGH,15
12046,TempTask,LOW,8
12186,GasTask,HIGH,15
13201,GasTask,HIGH,15
14216,GasTask,HIGH,15
15231,GasTask,HIGH,15
16246,GasTask,HIGH,15
17054,TempTask,LOW,8
17261,GasTask,HIGH,15
18276,GasTask,HIGH,15
19291,GasTask,HIGH,15
20306,GasTask,HIGH,15
21321,GasTask,HIGH,15
22062,TempTask,LOW,8
22336,GasTask,HIGH,15
23351,GasTask,HIGH,15
24366,GasTask,HIGH,15
25381,GasTask,HIGH,15
26396,GasTask,HIGH,15
27070,TempTask,LOW,8
27411,GasTask,HIGH,15
28426,GasTask,HIGH,15
29441,GasTask,HIGH,15
30456,GasTask,HIGH,15
31471,GasTask,HIGH,15
32078,TempTask,LOW,8
32486,GasTask,HIGH,15
33501,GasTask,HIGH,15
34516,GasTask,HIGH,15
35531,GasTask,HIGH,15
36546,GasTask,HIGH,15
37086,TempTask,LOW,8
37561,GasTask,HIGH,15
38576,GasTask,HIGH,15
39591,GasTask,HIGH,15
40606,GasTask,HIGH,15
41621,GasTask,HIGH,15
42094,TempTask,LOW,8
42636,GasTask,HIGH,15
43651,GasTask,HIGH,15
44666,GasTask,HIGH,15
45681,GasTask,HIGH,15
46696,GasTask,HIGH,15
47102,TempTask,LOW,8
47711,GasTask,HIGH,15
48726,GasTask,HIGH,15
49741,GasTask,HIGH,15
50756,GasTask,HIGH,15
51771,GasTask,HIGH,15
52110,TempTask,LOW,8
52786,GasTask,HIGH,15
53801,GasTask,HIGH,15
54816,GasTask,HIGH,15
55831,GasTask,HIGH,15
56846,GasTask,HIGH,15
57118,TempTask,LOW,8
57861,GasTask,HIGH,15
58876,GasTask,HIGH,15
59891,GasTask,HIGH,15
60906,GasTask,HIGH,15
61921,GasTask,HIGH,15
62126,TempTask,LOW,8
62936,GasTask,HIGH,15
63951,GasTask,HIGH,15
64966,GasTask,HIGH,15
65981,GasTask,HIGH,15
66996,GasTask,HIGH,15
67134,TempTask,LOW,8
68011,GasTask,HIGH,15
69026,GasTask,HIGH,15
70041,GasTask,HIGH,15
71056,GasTask,HIGH,15
72071,GasTask,HIGH,15
72142,TempTask,LOW,8
73086,GasTask,HIGH,15
74101,GasTask,HIGH,15
75116,GasTask,HIGH,15
76131,GasTask,HIGH,15
77146,GasTask,HIGH,15
77150,TempTask,LOW,8
78161,GasTask,HIGH,15
79176,GasTask,HIGH,15
80191,GasTask,HIGH,15
81206,GasTask,HIGH,15
82158,TempTask,LOW,8
82221,GasTask,HIGH,15
83236,GasTask,HIGH,15
84251,GasTask,HIGH,15
85266,GasTask,HIGH,15
86281,GasTask,HIGH,15
87166,TempTask,LOW,8
87296,GasTask,HIGH,15
88311,GasTask,HIGH,15
89326,GasTask,HIGH,15
90341,GasTask,HIGH,15
91356,GasTask,HIGH,15
92174,TempTask,LOW,8
92371,GasTask,HIGH,15
93386,GasTask,HIGH,15
94401,GasTask,HIGH,15
95416,GasTask,HIGH,15
96431,GasTask,HIGH,15
97182,TempTask,LOW,8
97446,GasTask,HIGH,15
98461,GasTask,HIGH,15
99476,GasTask,HIGH,15
100491,GasTask,HIGH,15
101506,GasTask,HIGH,15
102190,TempTask,LOW,8
102521,GasTask,HIGH,15
103536,GasTask,HIGH,15
104551,GasTask,HIGH,15
105566,GasTask,HIGH,15
106581,GasTask,HIGH,15
107198,TempTask,LOW,8
107596,GasTask,HIGH,15
108611,GasTask,HIGH,15
109626,GasTask,HIGH,15
110641,GasTask,HIGH,15
111656,GasTask,HIGH,15
112206,TempTask,LOW,8
112671,GasTask,HIGH,15
113686,GasTask,HIGH,15
114701,GasTask,HIGH,15
115716,GasTask,HIGH,15
116731,GasTask,HIGH,15
117214,TempTask,LOW,8
117746,GasTask,HIGH,15
118761,GasTask,HIGH,15
119776,GasTask,HIGH,15
120791,GasTask,HIGH,15
121806,GasTask,HIGH,15
122222,TempTask,LOW,8
122821,GasTask,HIGH,15
123836,GasTask,HIGH,15
124851,GasTask,HIGH,15
125866,GasTask,HIGH,15
126881,GasTask,HIGH,15
127230,TempTask,LOW,8
127896,GasTask,HIGH,15
128911,GasTask,HIGH,15
129926,GasTask,HIGH,15
130941,GasTask,HIGH,15
131956,GasTask,HIGH,15
132238,TempTask,LOW,8
132971,GasTask,HIGH,15
133986,GasTask,HIGH,15
135001,GasTask,HIGH,15
136016,GasTask,HIGH,15
137031,GasTask,HIGH,15
137246,TempTask,LOW,8
138046,GasTask,HIGH,15
139061,GasTask,HIGH,15
140076,GasTask,HIGH,15
141091,GasTask,HIGH,15
142106,GasTask,HIGH,15
142254,TempTask,LOW,8
143121,GasTask,HIGH,15
144136,GasTask,HIGH,15
145151,GasTask,HIGH,15
146166,GasTask,HIGH,15
147181,GasTask,HIGH,15
147262,TempTask,LOW,8
148196,GasTask,HIGH,15
149211,GasTask,HIGH,15
150226,GasTask,HIGH,15
151241,GasTask,HIGH,15
152256,GasTask,HIGH,15
152270,TempTask,LOW,8
153271,GasTask,HIGH,15
154286,GasTask,HIGH,15
155301,GasTask,HIGH,15
156316,GasTask,HIGH,15
157278,TempTask,LOW,8
157331,GasTask,HIGH,15
158346,GasTask,HIGH,15
159361,GasTask,HIGH,15
160376,GasTask,HIGH,15
161391,GasTask,HIGH,15
162286,TempTask,LOW,8
162406,GasTask,HIGH,15
163421,GasTask,HIGH,15
164436,GasTask,HIGH,15
165451,GasTask,HIGH,15
166466,GasTask,HIGH,15
167294,TempTask,LOW,8
167481,GasTask,HIGH,15
168496,GasTask,HIGH,15
169511,GasTask,HIGH,15
170526,GasTask,HIGH,15
171541,GasTask,HIGH,15
172302,TempTask,LOW,8
172556,GasTask,HIGH,15
173571,GasTask,HIGH,15
174586,GasTask,HIGH,15
175601,GasTask,HIGH,15
176616,GasTask,HIGH,15
177310,TempTask,LOW,8
177631,GasTask,HIGH,15
178646,GasTask,HIGH,15
179661,GasTask,HIGH,15
180676,GasTask,HIGH,15
181691,GasTask,HIGH,15
182318,TempTask,LOW,8
182706,GasTask,HIGH,15
183721,GasTask,HIGH,15
184736,GasTask,HIGH,15
185751,GasTask,HIGH,15
186766,GasTask,HIGH,15
187326,TempTask,LOW,8
187781,GasTask,HIGH,15
188796,GasTask,HIGH,15
189811,GasTask,HIGH,15
190826,GasTask,HIGH,15
191841,GasTask,HIGH,15
192334,TempTask,LOW,8
192856,GasTask,HIGH,15
193871,GasTask,HIGH,15
194886,GasTask,HIGH,15
195901,GasTask,HIGH,15
196916,GasTask,HIGH,15
197342,TempTask,LOW,8
197931,GasTask,HIGH,15
198946,GasTask,HIGH,15
199961,GasTask,HIGH,15
200976,GasTask,HIGH,15
201991,GasTask,HIGH,15
202350,TempTask,LOW,8
203006,GasTask,HIGH,15
204021,GasTask,HIGH,15
205036,GasTask,HIGH,15
206051,GasTask,HIGH,15
207066,GasTask,HIGH,15
207358,TempTask,LOW,8
208081,GasTask,HIGH,15
209096,GasTask,HIGH,15
210111,GasTask,HIGH,15
211126,GasTask,HIGH,15
212141,GasTask,HIGH,15
212366,TempTask,LOW,8
213156,GasTask,HIGH,15
214171,GasTask,HIGH,15
215186,GasTask,HIGH,15
216201,GasTask,HIGH,15
217216,GasTask,HIGH,15
217374,TempTask,LOW,8
218231,GasTask,HIGH,15
219246,GasTask,HIGH,15
220261,GasTask,HIGH,15
221276,GasTask,HIGH,15
222291,GasTask,HIGH,15
222382,TempTask,LOW,8
223306,GasTask,HIGH,15
224321,GasTask,HIGH,15
225336,GasTask,HIGH,15
226351,GasTask,HIGH,15
227366,GasTask,HIGH,15
227390,TempTask,LOW,8
228381,GasTask,HIGH,15
229396,GasTask,HIGH,15
230411,GasTask,HIGH,15
231426,GasTask,HIGH,15
232398,TempTask,LOW,8
232441,GasTask,HIGH,15
233456,GasTask,HIGH,15
234471,GasTask,HIGH,15
235486,GasTask,HIGH,15
236501,GasTask,HIGH,15
237406,TempTask,LOW,8
237516,GasTask,HIGH,15
238531,GasTask,HIGH,15
239546,GasTask,HIGH,15
240561,GasTask,HIGH,15
241576,GasTask,HIGH,15
242414,TempTask,LOW,8
242591,GasTask,HIGH,15
243606,GasTask,HIGH,15
244621,GasTask,HIGH,15
245636,GasTask,HIGH,15
246651,GasTask,HIGH,15
247422,TempTask,LOW,8
247666,GasTask,HIGH,15
248681,GasTask,HIGH,15
249696,GasTask,HIGH,15
250711,GasTask,HIGH,15
251726,GasTask,HIGH,15
252430,TempTask,LOW,8
252741,GasTask,HIGH,15
253756,GasTask,HIGH,15
254771,GasTask,HIGH,15
255786,GasTask,HIGH,15
256801,GasTask,HIGH,15
257438,TempTask,LOW,8
257816,GasTask,HIGH,15
258831,GasTask,HIGH,15
259846,GasTask,HIGH,15
260861,GasTask,HIGH,15
261876,GasTask,HIGH,15
262446,TempTask,LOW,8
262891,GasTask,HIGH,15
263906,GasTask,HIGH,15
264921,GasTask,HIGH,15
265936,GasTask,HIGH,15
266951,GasTask,HIGH,15
267454,TempTask,LOW,8
267966,GasTask,HIGH,15
268981,GasTask,HIGH,15
269996,GasTask,HIGH,15
271011,GasTask,HIGH,15
272026,GasTask,HIGH,15
272462,TempTask,LOW,8
273041,GasTask,HIGH,15
274056,GasTask,HIGH,15
275071,GasTask,HIGH,15
276086,GasTask,HIGH,15
277101,GasTask,HIGH,15
277470,TempTask,LOW,8
278116,GasTask,HIGH,15
279131,GasTask,HIGH,15
280146,GasTask,HIGH,15
281161,GasTask,HIGH,15
282176,GasTask,HIGH,15
282478,TempTask,LOW,8
283191,GasTask,HIGH,15
284206,GasTask,HIGH,15
285221,GasTask,HIGH,15
286236,GasTask,HIGH,15
287251,GasTask,HIGH,15
287486,TempTask,LOW,8
288266,GasTask,HIGH,15
289281,GasTask,HIGH,15
290296,GasTask,HIGH,15
291311,GasTask,HIGH,15
292326,GasTask,HIGH,15
292494,TempTask,LOW,8
293341,GasTask,HIGH,15
294356,GasTask,HIGH,15
295371,GasTask,HIGH,15
296386,GasTask,HIGH,15
297401,GasTask,HIGH,15
297502,TempTask,LOW,8
298416,GasTask,HIGH,15
299431,GasTask,HIGH,15
300446,GasTask,HIGH,15
301461,GasTask,HIGH,15
302476,GasTask,HIGH,15
302510,TempTask,LOW,8
303491,GasTask,HIGH,15
304506,GasTask,HIGH,15
305521,GasTask,HIGH,15
306536,GasTask,HIGH,15
307518,TempTask,LOW,8
307551,GasTask,HIGH,15
308566,GasTask,HIGH,15
309581,GasTask,HIGH,15
310596,GasTask,HIGH,15
311611,GasTask,HIGH,15
312526,TempTask,LOW,8
312626,GasTask,HIGH,15
313641,GasTask,HIGH,15
314656,GasTask,HIGH,15
315671,GasTask,HIGH,15
316686,GasTask,HIGH,15
317534,TempTask,LOW,8
317701,GasTask,HIGH,15
318716,GasTask,HIGH,15
319731,GasTask,HIGH,15
320746,GasTask,HIGH,15
321761,GasTask,HIGH,15
322542,TempTask,LOW,8
322776,GasTask,HIGH,15
323791,GasTask,HIGH,15
324806,GasTask,HIGH,15
325821,GasTask,HIGH,15
326836,GasTask,HIGH,15
327550,TempTask,LOW,8
327851,GasTask,HIGH,15
328866,GasTask,HIGH,15
329881,GasTask,HIGH,15
330896,GasTask,HIGH,15
331911,GasTask,HIGH,15
332558,TempTask,LOW,8
332926,GasTask,HIGH,15
333941,GasTask,HIGH,15
334956,GasTask,HIGH,15
335971,GasTask,HIGH,15
336986,GasTask,HIGH,15
337566,TempTask,LOW,8
338001,GasTask,HIGH,15
339016,GasTask,HIGH,15
340031,GasTask,HIGH,15
341046,GasTask,HIGH,15
342061,GasTask,HIGH,15
342574,TempTask,LOW,8
343076,GasTask,HIGH,15
344091,GasTask,HIGH,15
345106,GasTask,HIGH,15
346121,GasTask,HIGH,15
347136,GasTask,HIGH,15
347582,TempTask,LOW,8
348151,GasTask,HIGH,15
349166,GasTask,HIGH,15
350181,GasTask,HIGH,15
351196,GasTask,HIGH,15
352211,GasTask,HIGH,15
352590,TempTask,LOW,8
353226,GasTask,HIGH,15
354241,GasTask,HIGH,15
355256,GasTask,HIGH,15
356271,GasTask,HIGH,15
357286,GasTask,HIGH,15
357598,TempTask,LOW,8
358301,GasTask,HIGH,15
359316,GasTask,HIGH,15
360331,GasTask,HIGH,15
361346,GasTask,HIGH,15
362361,GasTask,HIGH,15
362606,TempTask,LOW,8
363376,GasTask,HIGH,15
364391,GasTask,HIGH,15
365406,GasTask,HIGH,15
366421,GasTask,HIGH,15
367436,GasTask,HIGH,15
367614,TempTask,LOW,8
368451,GasTask,HIGH,15
369466,GasTask,HIGH,15
370481,GasTask,HIGH,15
371496,GasTask,HIGH,15
372511,GasTask,HIGH,15
372622,TempTask,LOW,8
373526,GasTask,HIGH,15
374541,GasTask,HIGH,15
375556,GasTask,HIGH,15
376571,GasTask,HIGH,15
377586,GasTask,HIGH,15
377630,TempTask,LOW,8
378601,GasTask,HIGH,15
379616,GasTask,HIGH,15
380631,GasTask,HIGH,15
381646,GasTask,HIGH,15
382638,TempTask,LOW,8
382661,GasTask,HIGH,15
383676,GasTask,HIGH,15
384691,GasTask,HIGH,15
385706,GasTask,HIGH,15
386721,GasTask,HIGH,15
387646,TempTask,LOW,8
387736,GasTask,HIGH,15
388751,GasTask,HIGH,15
389766,GasTask,HIGH,15
390781,GasTask,HIGH,15
391796,GasTask,HIGH,15
392654,TempTask,LOW,8
392811,GasTask,HIGH,15
393826,GasTask,HIGH,15
394841,GasTask,HIGH,15
395856,GasTask,HIGH,15
396871,GasTask,HIGH,15
397662,TempTask,LOW,8
397886,GasTask,HIGH,15
398901,GasTask,HIGH,15
399916,GasTask,HIGH,15
400931,GasTask,HIGH,15
401946,GasTask,HIGH,15
402670,TempTask,LOW,8
402961,GasTask,HIGH,15
403976,GasTask,HIGH,15
404991,GasTask,HIGH,15
406006,GasTask,HIGH,15
407021,GasTask,HIGH,15
407678,TempTask,LOW,8
408036,GasTask,HIGH,15
409051,GasTask,HIGH,15
410066,GasTask,HIGH,15
411081,GasTask,HIGH,15
412096,GasTask,HIGH,15
412686,TempTask,LOW,8
413111,GasTask,HIGH,15
414126,GasTask,HIGH,15
415141,GasTask,HIGH,15
416156,GasTask,HIGH,15
417171,GasTask,HIGH,15
417694,TempTask,LOW,8
418186,GasTask,HIGH,15
419201,GasTask,HIGH,15
420216,GasTask,HIGH,15
421231,GasTask,HIGH,15
422246,GasTask,HIGH,15
422702,TempTask,LOW,8